{
  "summary": {
    "total_requests": 100,
    "successful_requests": 100,
    "failed_requests": 0,
    "total_time": 0.33676815032958984,
    "throughput": 296.94019432102334
  },
  "response_time": {
    "min": 3.461599349975586,
    "max": 112.14542388916016,
    "avg": 16.589980125427246,
    "p50": 8.540868759155273,
    "p95": 101.55940055847168
  }
}